{
  "HTTP Request2" : {
    "transaction" : "HTTP Request2",
    "sampleCount" : 5,
    "errorCount" : 0,
    "errorPct" : 0.0,
    "meanResTime" : 39.0,
    "medianResTime" : 37.0,
    "minResTime" : 37.0,
    "maxResTime" : 42.0,
    "pct1ResTime" : 42.0,
    "pct2ResTime" : 42.0,
    "pct3ResTime" : 42.0,
    "throughput" : 119.04761904761904,
    "receivedKBytesPerSec" : 363.7230282738095,
    "sentKBytesPerSec" : 164.96930803571428
  },
  "HTTP Request1" : {
    "transaction" : "HTTP Request1",
    "sampleCount" : 50,
    "errorCount" : 50,
    "errorPct" : 100.0,
    "meanResTime" : 267.25999999999993,
    "medianResTime" : 40.0,
    "minResTime" : 33.0,
    "maxResTime" : 2279.0,
    "pct1ResTime" : 1916.2999999999975,
    "pct2ResTime" : 2169.0,
    "pct3ResTime" : 2279.0,
    "throughput" : 14.249073810202336,
    "receivedKBytesPerSec" : 51.503722570532915,
    "sentKBytesPerSec" : 15.935585280706755
  },
  "HTTP Request2-1" : {
    "transaction" : "HTTP Request2-1",
    "sampleCount" : 5,
    "errorCount" : 0,
    "errorPct" : 0.0,
    "meanResTime" : 25.8,
    "medianResTime" : 24.0,
    "minResTime" : 24.0,
    "maxResTime" : 29.0,
    "pct1ResTime" : 29.0,
    "pct2ResTime" : 29.0,
    "pct3ResTime" : 29.0,
    "throughput" : 172.41379310344828,
    "receivedKBytesPerSec" : 447.29929956896547,
    "sentKBytesPerSec" : 122.57543103448275
  },
  "HTTP Request1-1" : {
    "transaction" : "HTTP Request1-1",
    "sampleCount" : 50,
    "errorCount" : 0,
    "errorPct" : 0.0,
    "meanResTime" : 34.680000000000014,
    "medianResTime" : 27.0,
    "minResTime" : 22.0,
    "maxResTime" : 284.0,
    "pct1ResTime" : 42.49999999999999,
    "pct2ResTime" : 89.64999999999984,
    "pct3ResTime" : 284.0,
    "throughput" : 29.49852507374631,
    "receivedKBytesPerSec" : 88.86084992625368,
    "sentKBytesPerSec" : 17.50322640117994
  },
  "HTTP Request2-0" : {
    "transaction" : "HTTP Request2-0",
    "sampleCount" : 5,
    "errorCount" : 0,
    "errorPct" : 0.0,
    "meanResTime" : 12.4,
    "medianResTime" : 12.0,
    "minResTime" : 12.0,
    "maxResTime" : 14.0,
    "pct1ResTime" : 14.0,
    "pct2ResTime" : 14.0,
    "pct3ResTime" : 14.0,
    "throughput" : 357.14285714285717,
    "receivedKBytesPerSec" : 164.62053571428572,
    "sentKBytesPerSec" : 241.00167410714286
  },
  "HTTP Request1-0" : {
    "transaction" : "HTTP Request1-0",
    "sampleCount" : 50,
    "errorCount" : 0,
    "errorPct" : 0.0,
    "meanResTime" : 232.32000000000014,
    "medianResTime" : 12.0,
    "minResTime" : 10.0,
    "maxResTime" : 2241.0,
    "pct1ResTime" : 1655.3999999999978,
    "pct2ResTime" : 2132.35,
    "pct3ResTime" : 2241.0,
    "throughput" : 14.347202295552368,
    "receivedKBytesPerSec" : 8.63914544476327,
    "sentKBytesPerSec" : 7.532281205164993
  },
  "Total" : {
    "transaction" : "Total",
    "sampleCount" : 215,
    "errorCount" : 50,
    "errorPct" : 23.255814,
    "meanResTime" : 126.09302325581395,
    "medianResTime" : 23.0,
    "minResTime" : 0.0,
    "maxResTime" : 2279.0,
    "pct1ResTime" : 55.80000000000001,
    "pct2ResTime" : 589.3999999999826,
    "pct3ResTime" : 2229.4800000000005,
    "throughput" : 61.25356125356125,
    "receivedKBytesPerSec" : 117.01889690170941,
    "sentKBytesPerSec" : 35.810073896011396
  },
  "调试取样器" : {
    "transaction" : "调试取样器",
    "sampleCount" : 50,
    "errorCount" : 0,
    "errorPct" : 0.0,
    "meanResTime" : 0.22000000000000003,
    "medianResTime" : 0.0,
    "minResTime" : 0.0,
    "maxResTime" : 1.0,
    "pct1ResTime" : 1.0,
    "pct2ResTime" : 1.0,
    "pct3ResTime" : 1.0,
    "throughput" : 40.88307440719542,
    "receivedKBytesPerSec" : 15.31518295175797,
    "sentKBytesPerSec" : 0.0
  }
}